name,default_unit,default_shift_code,status,notes
Cara sucia,,morning,confirmed,"V4 §4 list (source: turnos_produccion_panaderia-1.xlsx). No unit in any workspace source - left empty, not guessed."
Pan baguette,,morning,confirmed,"V4 §4 list. Dev seed product ""Baguette"" (morning, unit unidad) is likely the same product; reconcile to ONE product during import - not silently merged."
Chip,,morning,confirmed,"V4 §4 list. The source xlsx also has a duplicate Chip row without shift (see product_shifts.csv review_required row)."
Medialunas saladas,,morning,confirmed,"V4 §4 list. No unit in any workspace source - left empty, not guessed."
Pan salvado,,morning,confirmed,"V4 §4 list. No unit in any workspace source - left empty, not guessed."
Pan pebete,,morning,confirmed,"V4 §4 list. No unit in any workspace source - left empty, not guessed."
Chicharrón,,morning,confirmed,"V4 §4 list. No unit in any workspace source - left empty, not guessed."
Trencitas dulces,,afternoon,confirmed,"V4 §4 list. No unit in any workspace source - left empty, not guessed."
Medialunas dulces / marplatence,,afternoon,confirmed,"V4 §4 list, source spelling preserved verbatim. No unit in source - left empty."
Medialunas rellenas,,afternoon,confirmed,"V4 §4 list. No unit in any workspace source - left empty, not guessed."
Chipacitos,,night,confirmed,"V4 §4 list. No unit in any workspace source - left empty, not guessed."
Palmeritas,,night,confirmed,"V4 §4 list. No unit in any workspace source - left empty, not guessed."
Pan lactal,,night,confirmed,"V4 §4 list. No unit in any workspace source - left empty, not guessed."
Pan integral,,night,confirmed,"V4 §4 list. No unit in any workspace source - left empty, not guessed."
Pan miga,,night,confirmed,"V4 §4 list. No unit in any workspace source - left empty, not guessed."
Prepizza,,night,confirmed,"V4 §4 list. No unit in any workspace source - left empty, not guessed."
Pizzeta,,night,confirmed,"V4 §4 list. No unit in any workspace source - left empty, not guessed."
Hamburguesa,,night,confirmed,"V4 §4 list. No unit in any workspace source - left empty, not guessed."
Pan árabe,,night,confirmed,"V4 §4 list. No unit in any workspace source - left empty, not guessed."
Pan pernil,,night,confirmed,"V4 §4 list. No unit in any workspace source - left empty, not guessed."
Hojaldre membrillo y crema,,night,confirmed,"V4 §4 list. No unit in any workspace source - left empty, not guessed."
Dobladillos de membrillo y batata,,night,confirmed,"V4 §4 list. No unit in any workspace source - left empty, not guessed."
Baguette,unidad,morning,review_required,"Dev seed product name (V4 §41); the V4 §4 source list uses ""Pan baguette"" (morning) - likely the same product; reconcile to ONE product during import, not silently merged."
Pan Mignon,unidad,night,confirmed,"V4 §41 seed spec assigns Pan Mignon -> night; also §11 recipe example and §63 NOCHE batch example; absent from the V4 §4 xlsx list - confirm during import."
Pan Felipe,,,review_required,"Appears in V4 §7 and §61 examples (example batch PAN-090926-N-014 is night-coded) but no explicit default shift exists anywhere - shift left empty, not guessed."
Tostadas,,,review_required,"Appears in V4 §7 example (produced from a Pan Felipe batch output); no shift anywhere in the workspace - shift left empty, not guessed."
